{
  "project_info": {
    "project_number": "526129630100",
    "firebase_url": "https://prog2-4db2c.firebaseio.com",
    "project_id": "prog2-4db2c",
    "storage_bucket": "prog2-4db2c.appspot.com"
  },
  "client": [
    {
      "client_info": {
        "mobilesdk_app_id": "1:526129630100:android:2732c40ab622a0f4",
        "android_client_info": {
          "package_name": "edu.sdsmt.petrytorgersenkranstz.csc476project1"
        }
      },
      "oauth_client": [
        {
          "client_id": "526129630100-iqiighrf2q2emuou3u3vigvm592jlr2v.apps.googleusercontent.com",
          "client_type": 1,
          "android_info": {
            "package_name": "edu.sdsmt.petrytorgersenkranstz.csc476project1",
            "certificate_hash": "8bc8f883c143b91756f7fa36d011a8cc51de30f1"
          }
        },
        {
          "client_id": "526129630100-ddst50pl5ujkpb9355g2g31j3mb3gdc9.apps.googleusercontent.com",
          "client_type": 3
        }
      ],
      "api_key": [
        {
          "current_key": "AIzaSyBynpUI2Qk3WPuiZYfqU5fhSFmyv7YPrhs"
        }
      ],
      "services": {
        "analytics_service": {
          "status": 1
        },
        "appinvite_service": {
          "status": 2,
          "other_platform_oauth_client": [
            {
              "client_id": "526129630100-ddst50pl5ujkpb9355g2g31j3mb3gdc9.apps.googleusercontent.com",
              "client_type": 3
            }
          ]
        },
        "ads_service": {
          "status": 2
        }
      }
    }
  ],
  "configuration_version": "1"
}